Model,Accuracy,Precision,Recall,F1 Score,Training Time (s)
LightGBM,0.9657870712515759,0.9656926226138688,0.9657870712515759,0.9643168002875648,4.78
CatBoost,0.9655986900259387,0.965478456337507,0.9655986900259387,0.96412166305913,64.74
XGBoost,0.9655841991624281,0.9653703442466498,0.9655841991624281,0.9641588882543276,4.44
Random Forest,0.9652146821429088,0.9653354696651718,0.9652146821429088,0.9635741235249907,111.44
Gradient Boosting,0.9650552826442927,0.9650199990507204,0.9650552826442927,0.9635231815894545,364.11
Extra Trees,0.9624469272123926,0.9624568778015284,0.9624469272123926,0.9605873842549029,67.23
Logistic Regression,0.9479777999971019,0.9461280511759034,0.9479777999971019,0.9458454463429861,1.94
Decision Tree,0.9393267544812995,0.9404008900247528,0.9393267544812995,0.9398151319342863,9.81
AdaBoost,0.9207349765972555,0.8690703577912323,0.9207349765972555,0.8921795911478582,22.48
